Affenarsch;1
Affenkotstück;1
Affenmensch;1
Allmachtsdackel;1
Ameisenficker;1
Analbaron;1
Analraupe;1
Analzone;1
anorektische Fettsau;1
Armee schwanzloser Primaten;1
Arschbratze;1
Arschforscher;1
Arschfotzengesicht;1
Arschgesicht;1
Arschhaarbartfratze;1
Arschkeks;1
Arschkopf;1
Arschlocke;1
Ashley;1
Aso;1
Atomspast;1
Auspuffbumser;1
Bachel;1
Badkapp;1
bangen;1
Berber;1
Besen;0
Birkenstockfotzenkopf;1
Birl;1
Blödfisch;1
Blödmusiker;1
Bodendompteuse;1
Brunskuh;1
Buckelhur;1
Bumsnuss;1
Buschmensch;1
Butterkuh;1
Cholerator;1
Computerflüsterer;1
Dauerlutscher;1
Dollbohrer;1
Donnerfotze;1
Doofmannsgehilfe;1
Doppeldepp;1
Dreilochnutte;1
Du Ast!;1
Dumm-Rasseler;1
Dünnschissgurgler;1
Eibemme;1
Eichelarschkopf;1
Fitch;1
Flachgeist;1
Flattermuschi;1
Flodder;1
Fontanellenfick;1
Fotze;1
Fotzklotz;1
Gargamel;1
Gaylon;1
Gebärfrau;1
Geburtsfehlermiss;1
geistiger Tiefflieger;1
Gesichtseintopf;1
Gesichtsgünter;1
Gesichtsmorph;1
Gnarf;1
Gnogel;1
Grasdackel;1
Gratler;1
Großhirnkastrat;1
H2O-Kopf;1
Hack ab!;1
Hackfresse;1
Halbaffe;1
Halma;1
Hannefatzke;1
hartzig;1
Hausschuhgesicht;1
HDV;1
hirnamputierter Rhinozerusarsch;1
Hodenbussard;1
Hodenkopf;1
Hodenschrubbler;1
Hohlbratze;1
hohle Fritte;1
Honk;1
Hosenlottle;1
Hosentaschen Godzilla;1
HRSN;1
Huru;1
Hutze;1
Hübi;1
ins Hirn scheißen;1
Intelligenzverweigerer;1
Kackbatzen;1
Kackstuhl;1
Kanisterkopf;1
Klapskalli;1
Klitzmorchel;1
Klufenmichel;1
Knallarsch;1
Knecht Huso;1
Kotlutscher;1
Kotzkannenfressbrett;1
Kotzkrücke;1
Krapfengesicht;1
Kuttenluder;1
Larve;1
Lattenheinrich;1
Lattenschreck;1
Lällebäbbl;1
Liam;1
Loser;1
mangelbegent;1
Missi;1
Mongo;1
Mr. Grotte;1
Muschischeps;1
Nafti;1
Napfwurst;1
Nougatnutte;1
Nuddebumber;1
Ogerlurch;1
Orgasmusbremse;1
oshig;1
Otzenfrosch;1
Paragrafenschubse;1
Partyopfer;1
Paselacke;1
Peniskopf;1
Penisprothesenträger;1
Pfeifenheini;1
Pferdefresse;1
Pfingstochse;1
pickelgesichtiger Spritzbock;1
Pimmel;1
Pimmelfresse;1
Pimmelkopf;1
Pimmelpapagei;1
Pisskajole;1
Plempe;1
Pleppo;1
Pottmolch;1
Rotzpupsi;1
Sackfotze;1
Schlampe;1
Schlabberlappen;1
schleimscheißender Bambusaffe;1
Schmalzgrab;1
Schmalztitte;1
Schmongo;1
Schmönkchen;1
Schmudel;1
schnarchzapfiger Rüsselsack;1
Schüttler;1
Senfgurke;1
Sheamus;1
Simbel;1
Slut;1
Spaltenspengler;1
Spammailautor;1
Spastard;1
spastophil;1
Späner;1
Spoastie;1
Spongebob;0
Sponk;1
Staubbeutel;1
Steroidbeule;1
Steroidmutant;1
Swarowski-Möse;1
Tapetengerippe;1
Topmoppel;1
Tüffel;1
Unwerk;1
Vollaffe;1
vollgepisste Strumpfhose;1
vollgeschissene Menschenhülle;1
Vollmongo;1
Vongo;1
Wachsfresse;1
Waldwichtel;1
Wichsbazille;1
Wichsfisch;1
Wikidiot;1
Wulfer;1
wulffen;1
Zahnspangenbettler;1
zoologisches Abfallprodukt;1
aasgeier;1
abspritzer;1
sdfds;1
ackerfresse;1
affenarsch;1
affenhirn;1
affenkotze;1
afterlecker;1
aktivex.info;1
almosenarsch;1
amazing;1
am-sperma-riecher;1
anal;1
analadmiral;1
analbesamer;1
analbohrer;1
analdrill;1
analentjungferer;1
analerotiker;1
analfetischist;1
analförster;1
anal-frosch;1
analnegerdildo;1
analratte;1
analritter;1
aok-chopper;1
armleuchter;1
arsch;1
arschaufreißer;1
arschbackenschänder;1
arschbesamer;1
ärsche;1
arschentjungferer;1
arschficker;1
arschgeburt;1
arschgefickte gummifotze;1
arschgeige;1
arschgesicht;1
arschhaarfetischist;1
arschhaarrasierer;1
arschhöhlenforscher;1
arschkrampe;1
arschkratzer;1
arschlecker;1
arschloch;1
arschlöcher;1
arschmade;1
arschratte;1
arschzapfen;1
arsebandit;1
arsehole;1
arsejockey;1
arselicker;1
arsenuts;1
arsewipe;1
assel;1
assfuck;1
assfucking;1
assgrabber;1
asshol;1
asshole;1
asshole;1
assi;1
assrammer;1
assreamer;1
asswipe;1
astlochficker;1
auspufflutscher;1
bad motherfucker;1
badass;1
badenutte;1
bananenstecker;1
bastard;1
bastard;1
bauernschlampe;1
beating the meat;1
beef curtains;1
beef flaps;1
behindis;1
bekloppter;1
muttergeficktes;1
beklopter;1
bettnässer;1
bettpisser;1
bettspaltenficker;1
biatch;1
bimbo;1
bitch;1
bitches;1
bitchnutte;1
bitsch;1
bizzach;1
blechfotze;1
blödmann;1
blogspoint;1
blow job;1
bohnenfresser;1
boob;1
boobes;1
boobie;1
boobies;1
boobs;1
booby;1
boy love;1
breasts;1
brechfurz;1
bückfleisch;1
bückstück;1
bückvieh;1
buggery;1
bullensohn;1
bullshit;1
bummsen;1
bumsen;1
bumsklumpen;1
buschnutte;1
busty;1
butt pirate;1
buttfuc;1
buttfuck;1
buttfucker;1
buttfucking;1
carpet muncher;1
carpet munchers;1
carpetlicker;1
carpetlickers;1
chausohn;1
clitsuck;1
clitsucker;1
clitsucking;1
cock;1
cock sucker;1
cockpouch;1
cracka;1
crap;1
craper;1
crapers;1
crapping;1
craps;1
cunt;1
cunt;1
cunts;1
dachlattengesicht;1
dackelficker;1
dickhead;1
dicklicker;1
diplomarschloch;1
doofi;1
douglette;1
drecksack;1
drecksau;1
dreckschlitz;1
dreckschüppengesicht;1
drecksfotze;1
drecksmösendagmar;1
drecksnigger;1
drecksnutte;1
dreckspack;1
dreckstürke;1
dreckvotze;1
dumbo;1
dummschwätzer;1
dumpfbacke;1
dünnpfifftrinker;1
eichellecker;1
eierkopf;1
eierlutscher;1
eiswürfelpisser;1
ejaculate;1
entenfisterer;1
epilepi;1
epilepis;1
epileppis;1
fagette;1
fagitt;1
fäkalerotiker;1
faltenficker;1
fatass;1
ferkelficker;1
ferkel-ficker;1
fettarsch;1
fettsack;1
fettsau;1
feuchtwichser;1
fick;1
fick*;1
fickarsch;1
fickdreck;1
ficken;1
ficker;1
fickfehler;1
fickfetzen;1
fickfresse;1
fickfrosch;1
fickfucker;1
fickgelegenheit;1
fickgesicht;1
fickmatratze;1
ficknudel;1
ficksau;1
fickschlitz;1
fickschnitte;1
fickschnitzel;1
fingerfuck;1
fingerfucking;1
fisch-stinkender hodenfresser;1
fistfuck;1
fistfucking;1
flachtitte;1
flussfotze;1
fotze;1
fotzenforscher;1
fotzenfresse;1
fotzenknecht;1
fotzenkruste;1
fotzenkuchen;1
fotzenlecker;1
fotzenlöckchen;1
fotzenpisser;1
fotzenschmuser;1
fotzhobel;1
frisösenficker;1
frisösenfotze;1
fritzfink;1
froschfotze;1
froschfotzenficker;1
froschfotzenleder;1
fucked;1
fucker;1
fucker;1
fucking;1
fuckup;1
fudgepacker;1
futtgesicht;1
gay lord;1
geilriemen;1
gesichtsfotze;1
göring;1
großmaul;1
gummifotzenficker;1
gummipuppenbumser;1
gummisklave;1
hackfresse;1
hafensau;1
hartgeldhure;1
heil hitler;1
hi hoper;1
hinterlader;1
hirni;1
hitler;1
hodenbeißer;1
hodensohn;1
homo;1
hosenpisser;1
hosenscheißer;1
hühnerficker;1
huhrensohn;1
hundeficker;1
hundesohn;1
hurenlecker;1
hurenpeter;1
hurensohn;1
hurentocher;1
idiot;1
idioten;1
itakker;1
ittaker;1
jack off;1
jackass;1
jackshit;1
jerk off;1
jizz;1
judensau;1
kackarsch;1
kacke;1
kacken;1
kackfass;1
kackfresse;1
kacknoob;1
kaktusficker;1
kanacke;1
kanake;1
kanaken;1
kanaldeckelbefruchter;1
kartoffelficker;1
kinderficken;1
kinderficker;1
kinderporno;1
kitzler fresser;1
klapposkop;1
klolecker;1
klötenlutscher;1
knoblauchfresser;1
konzentrationslager;1
kotgeburt;1
kotnascher;1
kümmeltürke;1
kümmeltürken;1
lackaffe;1
lebensunwert;1
lesbian;0
lurchi;1
lustbolzen;1
lutscher;1
magerschwanz;1
manwhore;1
masturbate;1
meat puppet;1
missgeburt;1
mißgeburt;1
mistsau;1
miststück;1
mitternachtsficker;1
mohrenkopf;1
mokkastübchenveredler;1
mongo;1
möse;1
mösenficker;1
mösenlecker;1
mösenputzer;1
möter;1
mother fucker;1
mother fucking;1
motherfucker;1
muschilecker;1
muschischlitz;1
mutterficker;1
nazi;1
nazis;1
neger;1
nigga;1
nigger;1
niggerlover;1
niggers;1
niggerschlampe;1
nignog;1
nippelsauger;1
nutte;1
nuttensohn;1
nuttenstecher;1
nuttentochter;1
ochsenpimmel;1
ölauge;1
oral sex;0
penis licker;1
penis licking;1
penis sucker;1
penis sucking;1
penis;0
peniskopf;1
penislecker;1
penislutscher;1
penissalat;1
penner;1
pferdearsch;1
phentermine;1
pimmel;1
pimmelkopf;1
pimmellutscher;1
pimmelpirat;1
pimmelprinz;1
pimmelschimmel;1
pimmelvinni;1
pindick;1
piss off;1
piss;1
pissbirne;1
pissbotte;1
pisse;1
pisser;1
pissetrinker;1
pissfisch;1
pissflitsche;1
pissnelke;1
polacke;1
polacken;1
poop;1
popellfresser;1
popostecker;1
popunterlage;1
porn;1
porno;1
pornografie;0
pornoprengel;1
pottsau;1
prärieficker;1
prick;1
quiff;1
randsteinwichser;1
rasierte votzen;1
rimjob;1
rindsriemen;1
ritzenfummler;1
rollbrooden;1
roseten putzer;1
roseten schlemmer;1
rosettenhengst;1
rosettenkönig;1
rosettenlecker;1
rosettentester;1
sackfalter;1
sackgesicht;1
sacklutscher;1
sackratte;1
saftarsch;1
sakfalter;1
schamhaarlecker;1
schamhaarschädel;1
schandmaul;1
scheisse;1
scheisser;1
scheissgesicht;1
scheisshaufen;1
scheißhaufen;1
schlammfotze;1
schlampe;1
schleimmöse;1
schlitzpisser;1
schmalspurficker;1
schmeue;1
schmuckbert;1
schnuddelfresser;1
schnurbeltatz;1
schrumpelfotze;1
schwanzlurch;1
schwanzlutscher;1
schweinepriester;1
schweineschwanzlutscher;1
schwuchtel;1
schwutte;1
sex;0
shiter;1
shiting;1
shitlist;1
shitomatic;1
shits;1
shitty;1
shlong;1
shut the fuckup;1
sieg heil;1
sitzpisser;1
skullfuck;1
skullfucker;1
skullfucking;1
slut;1
smegmafresser;1
spack;1
spacko;1
spaghettifresser;1
spastard;1
spasti;1
spastis;1
spermafresse;1
spermarutsche;1
spritzer;0
stinkschlitz;1
stricher;1
suck my cock;1
suck my dick;1
threesome;0
tittenficker;1
tittenspritzer;1
titties;1
titty;1
tunte;1
untermensch;1
vagina;0
vergasen;1
viagra;1
volldepp;1
volldeppen;1
vollhorst;1
vollidiot;1
vollpfosten;1
vollspack;1
vollspacken;1
vollspasti;1
vorhaut;0
votze;1
votzenkopf;1
wanker;1
wankers;1
weichei;1
whoar;1
whore;1
wichsbart;1
wichsbirne;1
wichser;1
wichsfrosch;1
wichsgriffel;1
wichsvorlage;1
wickspickel;1
wixa;1
wixen;1
wixer;1
wixxer;1
wixxxer;1
wixxxxer;1
wurstsemmelfresser;1
yankee;1
zappler;1
zyclon;1
zyklon;1
abbitchen;1
abficken;1
abfotzen;1
Abfuck;1
abfucken;1
abgefuckt;1
Abititten;1
abkacken;1
Abkacker;1
abkauen;1
abrotzen;1
Abscheißer;1
abspritzen;1
abtitten;1
abwichsen;1
Abwichshure;1
Ach du fette Nutte!;1
Achse der Mösen;1
Achselfurz;1
Affenarsch;1
all you can fuck;1
am Arsch der Welt;1
am Kacken halten;1
Ameisenficker;1
Ameisentitten;1
Analdin;1
Analfurz;1
Analhure;1
Analschlampe;1
Analzone;1
anfucken;1
angefickt sein;1
angemalte Hure der Pflanzenwelt;1
ankacken;1
Armee schwanzloser Primaten;1
Arsch blasen!;1
Arsch mit Ohren;1
Arschatem;1
Arschbacke;1
Arschbackenbrühe;1
Arschbackenjäger;1
Arschbackenschinder;1
Arschbecken;1
Arschbetrüger;1
Arschbewucherungskugel;1
Arschbrand;1
Arschbranz;1
Arschbratze;1
Arsche;1
arscheckig;1
Arschfahne;1
Arschfalte;1
Arschfäule;1
Arschfick;1
Arschficker;1
Arschfickerleisten;1
Arschforscher;1
Arschfotze;1
Arschfotzengesicht;1
Arschfudd;1
Arschgarage;1
Arschgeber;1
Arschgeburt;1
arschgeficktes Suppenhuhn;1
Arschgeige;1
arschgeil;1
Arschgesicht;1
Arschgeweih;1
Arschgrill;1
Arschgrunze;1
Arschheuler;1
Arschhusten;1
arschig;1
Arschitektur;1
Arschkarte;1
Arschkeks;1
Arschkerbe;1
Arschkermit;1
Arschkirmes;1
Arschkopf;1
Arschkordel;1
Arschkotze;1
Arschkrampe;1
Arschkrawatte;1
arschkriechen;1
Arschkriecher;1
Arschkriecherin;1
Arschkruste;1
Arschkuh;1
Arschkuss;1
Arschlappen;1
Arschlitz;1
Arschloch;1
Arschloch-Sauce;1
Arschlocher;1
Arschlochkind;1
arschlochmäßig;1
Arschlocke;1
Arschmade;1
Arschmöse;1
Arschmurmel;1
Arschnudel;1
Arschnuss;1
Arschologe;1
Arschpaper;1
Arschperle;1
Arschpirat;1
Arschpisse;1
Arschplatzer;1
Arschpopel;1
Arschposaune;1
Arschrampe;1
Arschregen;1
Arschschlitz;1
Arschtapete;1
Arschtörtchen;1
Arschtrompete;1
Arschvignette;1
Arschwackelbarde;1
Arschwasser;1
Arschwolle;1
Arschzopf;1
Atomic Titten;1
aufbitchen;1
aufgeilen;1
aufpissen;1
auskotzen;1
Auspiss;1
Autofurz;1
Bananentitten;1
Barbiebumser;1
Bärenfotze;1
Bärenscheiße;1
Befickung;1
befotzt;1
Beidl;1
bepissen;1
Besserwichser;1
bester Shit;1
Betittung;1
Bienenkotze;1
Bienenscheiße;1
Bierarsch;1
Bierschiss;1
Biertitte;1
Bimbo;1
Birkenstockfotzenkopf;1
Bitch;1
Bitch please!;1
Bitchburner;1
bitchen;1
Bitchfight;1
bitchig;1
Bitchmove;1
Blasehase;1
blasen;1
Blasmaus;1
blickficken;1
Blickficker;1
Bock;1
Bohrloch;1
Bordsteinscheißer;1
Brain-Fuck;1
Brainfucking;1
Breitarschgazelle;1
Brexshit;1
Bullshit;1
Bullshit-Bruder;1
Bullshit-Job;1
Bullshitologe;1
Bullshitology;1
Bullshitspirale;1
Bumsbiene;1
Bumsbirne;1
bumsen;1
Bundesmöse;1
bürsten;0
Buschscheißer;1
Costa del Shit;1
da war der Maulscheißer zu Gast;1
das Arschbluten kriegen;1
den Arsch nicht höher hängen als man scheißen kann;1
den Arsch zusammenkneifen;1
den Kasper zum Kotzen bringen;1
der ganze Scheiß;1
Dibbelschisser;1
dicke Eier;1
die Kloschüssel verarschen;1
die Pissteile zusammenstecken;1
die Stradivari unter den Arschgeigen sein;1
Dipferlscheißer;1
Donnerfotze;1
Dose;0
drauf scheißen;1
dreckig in den Arsch bollern;1
Dreilochnutte;1
Dreilochstute;1
Dummfick;1
Dünnschissgurgler;1
durchficken;1
Ehefotze;1
Ehehure;1
Ehenutte;1
Eichelarschkopf;1
eine Arschbombe ins Fettnäpfchen machen;1
einen Riss im Arsch haben;1
einen runterholen;1
einen Stock im Arsch haben;1
einlochen;1
einscheißen;1
Eintagsfotze;1
elendiger Schlappeflicker;1
Elfmeterscheißen;1
erscheißen;1
Eskimöse;1
Essen vögeln;1
Essigpisser;1
Fahrstuhlfurzer;1
Faustfick;1
faustficken;1
Fehlfick;1
Feldtitte;1
Felltitten;1
Fernfahrerfotze;1
Fick;1
Fick die Furche!;1
Fick-Folie;1
Fickadel;1
Fickbatzen;1
Fickbeziehung;1
Fickbitch;1
Fickbolzen;1
Fickbunker;1
Ficke;1
fickeln;1
ficken;1
Ficker;1
Fickerei;1
Fickerei-Fachangestellte;1
Fickereifachverkäuferin;1
fickerig;1
Fickeritis;1
Fickfetzen;1
Fickfleisch;1
Fickflop;1
Fickfotze;1
Fickfratze;1
Fickfresse;1
Fickfreund;1
Fickfrosch;1
Fickfutter;1
Fickgeuner;1
Fickhäppchen;1
Ficki-Ficki-Scheiße;1
Fickimännchen;1
Fickipedia;1
Fickkeule;1
Fickkrater;1
Fickkumpane;1
Ficklatte;1
Fickloch;1
Fickmaul;1
Fickmichstiefel;1
Fickmieze;1
Fickmühle;1
Fickmüll;1
Ficknudel;1
Fickodrom;1
Fickparade;1
Fickpisse;1
Fickprügel;1
Fickpuder;1
fickrig;1
Ficksahne;1
Ficksau;1
Fickschacht;1
Fickscheiße;1
Fickschinken;1
Fickschlips;1
Fickschlitten;1
Fickschlitz;1
Fickschnitzel;1
Fickshit;1
Fickspalt;1
Fickspecht;1
Fickstelze;1
Fickstreifen;1
Fickstrippen;1
Fickstück;1
Ficktüte;1
Fickvogel;1
Fischschacht;1
fisten;1
Flachdachwichser;1
Flachwichser;1
Flachwixer;1
Flaschenpisser;1
Flatterschiss;1
Fliegenfurz;1
Flitzekacke;1
Flurscheisser;1
Fontanellenfick;1
Fontänenschiss;1
Fotze;1
fotzen;1
Fotzen klar machen;1
Fotzen und Titten TÜV;1
Fotzenbeschleuniger;1
Fotzenbunker;1
Fotzenclown;1
Fotzendirt;1
Fotzendreck;1
Fotzenfleisch;1
Fotzenfummler;1
Fotzenfürst;1
Fotzengestrüpp;1
Fotzenhaar;1
Fotzenhobel;1
Fotzenhobler;1
Fotzenjockel;1
Fotzenknecht;1
Fotzenkopp;1
Fotzenkorken;1
Fotzenlolek;1
Fotzenpimmel;1
Fotzenschleim;1
Fotzenschrubber;1
Fotzenspängler;1
Fotzenspangler;1
Fotzenstöpsel;1
Fotzerich;1
Fotzklotz;1
Fotzknodden;1
Fotzlappen;1
Fotzn;1
Fremdscheißer;1
Fressenfotze;1
Fresskacker;1
frisch geficktes Eichhörnchen;1
Frittentütentitten;1
froschfotzengrün;1
Froschfotzenleder;1
Fuck the System;1
Fuckface;1
Fucktard;1
Fudiloch;1
fun-fucking-tastic;1
für den Arsch;1
Furz des Schicksals;1
Furz mit Land;1
Furzeritis;1
Furzfänger;1
Furzfresse;1
Furzgurke;1
Furzkanone;1
Furzklemmer;1
Furzknoten;1
Furzmolle;1
Furzmulle;1
Furzschüssel;1
Furztüte;1
Furzverklemmung;1
Furzwolle;1
Fut;1
Futschas;1
Futschmuser;1
Futte;1
Futtlappengespenst;1
Futttorpedo;1
Gabbafotze;1
Gaumenfick;1
Geficke;1
gefickt;1
gefickt sein;1
gefühlsgefickt;1
Gehfick;1
Gehirnfick;1
Gehirnfurz;1
Gehirngeficke;1
Gehirnwichse;1
geistiger Dünnschiss;1
Gekrösemöse;1
Gelegenheitsfick;1
geogefickt;1
gequirlte Mäusekacke;1
Gesichtsfotze;1
gestapelte Fickzelle;1
Gevögel;1
Glücksschiss;1
Gnadenfick;1
Grafu;1
Green Tea Bitch;1
Grüßnutte;1
Haartruhe;1
Hackenkacke;1
Hackmöse;1
Hamsterficken;1
Handficke;1
Hängetittenguzzi;1
Hartgeldnutte;1
Hau wech die Scheiße;1
He-Bitch;1
Headfuck;1
Heimscheißer;1
hinterfotzig;1
hirnamputierter Rhinozerusarsch;1
Hirnficken;1
Hirnkotze;1
Hobbyhure;1
Hodenschrubbler;1
Holy Shit;1
hormoneller Dünnschiss;1
Hühnerficker;1
Hummeltitten;1
Hurenkind;1
Hurensalat;1
Hurenscheiße;1
hurensöhnig;1
Huso;1
Huto;1
Ich scheiß dir die Fotze zu!;1
in die Muschel rotzen;1
ins Hirn kacken;1
ins Hirn scheißen;1
jemandem in den Arsch ficken;1
jemandem wuchert schon Moos am Arsch;1
jemanden brutal wegmeißeln;1
jemanden ficken;1
jemanden leiden können wie Scheiße am Schuh;1
jemanden über den Pisser reißen;1
kabellose Kackmaschine;1
Kackarilla;1
Kackarsch;1
Kackband;1
Kackbatzen;1
Kackboon;1
Kackbraten;1
Kackbratze;1
Kackbremse;1
Kackchen;1
Kacke schubsen;1
Kackegas;1
Kackeimer;1
Kackeschubser;1
Kackestampfer;1
Kackfass;1
Kackhütte;1
Kackknödel;1
Kacklappen;1
Kackleiste;1
Kackmaschine;1
Kacknap;1
kackneten;1
Kacknulpe;1
Kackokalypse;1
Kackosomist;1
Kackpappe;1
Kackpatsche;1
Kackplatte;1
Kackreiz;1
Kackscheiße;1
Kackschlitten;1
Kackschrubber;1
kacksen;1
Kackspaltenintruder;1
Kackstelze;1
Kackstift;1
Kackstrumpf;1
Kackstuhl;1
Kacktrommel;1
Kackvieh;1
Kackvogel;1
Kackwurst;1
Kackwurstfrisur;1
Kajütenfurzer;1
Kampfwichser;1
Kehlenfotze;1
Kekswichsen;1
keulen;1
Kilometerficker;1
Klemmfurz;1
Klingeltitte;1
Klippenpisser;1
Knackarsch;1
Knallarsch;1
Knochen scheißen;1
knochenkotzen;1
Kompaniehure;1
Kopffick;1
Kopfficken;1
Kopfgeficke;1
Korinthenkacker;1
Kotze raten;1
Kotzkrücke;1
Kraftficken;1
krepieren;1
Kuhfotze;1
Kulturhure;1
kurz und kackig;1
Lass dir die Eierstöcke veröden!;1
Leck mich im Arsch!;1
lecken;1
Life is a bitch!;1
Loch;0
Lochschwager;1
Lochstopfer;1
Lullufick;1
Lümmelspucke;1
Luvpisser;1
Maulfotze;1
Maulfotzenstift;1
Maulfurz;1
Maulhure;1
Mediennutte;1
Mimöse;1
Mistfickel;1
mit Ms. Pussy in See stechen;1
Mobi-Kack;1
Monteur de la Fotz;1
Moppelkotze;1
Morgenschiss;1
Möse;1
Mösenbaron;1
Mösendübel;1
Mösenfräckchen;1
Mösenfröhlich;1
Mösenfurz;1
Mösengrill;1
Mösenmoped;1
Mösenmörser;1
Mösenquirl;1
Mösensaft;1
Mösenstövchen;1
Mösewicht;1
Muckefuck;1
Mulikotze;1
Mundschiss;1
Münzfotze;1
Nachtschicht-Fotze;1
Nackenfotze;1
nageln;0
Nasenfurz;1
Nasentripper;1
Natursekt;1
Nichtficker;1
Nigger;1
Nougatnutte;1
Nougatritze;1
nur Kacke an der Backe haben;1
Nutten prellen;1
Nuttenbrause;1
Nuttendiesel;1
Nuttenfiffi;1
Nuttenfutter;1
Nuttenhalter;1
Nuttenkind;1
Nuttenpisse;1
Nuttenpreller;1
Nuttensohn;1
Nuttentoaster;1
Nutter;1
Nutterich;1
Ökokacko;1
Onanie-Onager;1
Oralfurz;1
Orgasmusbremse;1
Papier-Pussy;1
Paragrafenscheißer;1
Pärchenscheiße;1
Penisschlampe;1
Pfeifenwichs;1
Pflaume;0
Pickfick;1
Pigmentficker;1
Pikachu-Sex;1
Pimmelberger;1
Pimmellutschen;1
Pimmelparty;1
Pissbacke;1
Pissbecken;1
Pissbecken XL;1
Pissbier;1
Pissbirne;1
Pissblage;1
pissblond;1
Pissbrummer;1
Pisse;1
Pissente;1
Pisserzone;1
Pissfilter;1
Pissflinte;1
Pissflitsche;1
Pissfotze;1
pissig;1
Pisskajole;1
Pisskind;1
Pisskopf;1
Pisskrätze;1
Pisslappen;1
Pissmann;1
Pissmiss;1
Pissnelke;1
Pissoase;1
Pisspage;1
Pissrakete;1
Pissstift;1
Pisswichs;1
Pornoficke;1
Pressschoki;1
Public-Pissing-Area;1
pudern;1
Puffsocke;1
Pumapisse;1
Pussy;1
Pussy-Spalter;1
Pussybier;1
Pussyflatrate;1
Pussykutsche;1
Pussymaster;1
Pussymuff;1
Pussypower;1
Pussytoaster;1
Quellhoden;1
Quermöse;1
Quirlscheisse;1
reinfickieren;1
Reinspritzschlitz;1
reiten;0
Rentnerpisse;1
Reste ficken;1
Resteficken;1
Riemen;0
Riesentitte;1
Ritze;0
Rohr;0
Rosettenlecker;1
Rosettenputztuch;1
Rotzefotze;1
Rudelfotze;1
Rudelpisserin;1
rumhuren;1
Rummelnutte;1
runterholen;1
Sack;0
Sack;0
Sackfotze;1
Sackratte;1
Sackschlamm;1
Saftarsch;1
Saftkacke;1
Sahne-Lolli;0
Sahneschleuder;1
Samenauffangbecken;1
Sand in der Vagina haben;1
Sandwichsex;1
Sau;1
Saubeutel;1
Sauloch;1
Schädelficken;1
Scheiß die Wand an!;1
scheiß-;1
Scheissbollen;1
Scheißbürste;1
Scheiße;1
scheiße;1
Scheiße bauen;1
Scheissefresser;1
scheißen;1
Scheißer;1
Scheißeschneider;1
Scheißhacke;1
Scheißhaufen;1
Scheißhaus-Servietten;1
Scheißhausbesen;1
Scheißkerl;1
Scheißloch;1
Scheißpapier;1
Scheißtier;1
schief scheißen;1
schiffen;1
Schiss;1
schisseln;1
Schlabberfotze;1
Schlabberfutt;1
Schlammfotze;1
Schlammloch;1
Schlatzfut;1
Schlauchtitten;1
schlecht scheißen;1
schleimscheißender Bambusaffe;1
Schleppscheiße;1
Schleppschiss;1
Schlitz;1
Schlitzhenne;1
Schlitzpisser;1
Schluchtenscheißer;1
Schmalztitte;1
Schmetterschiss;1
Schmock;1
Schnarzkacke;1
Schnellfickerhose;1
Schuhwichser;1
schustern;0
Schwanz;1
Schwanzhonig;1
schwanzlutschen;1
Schwanzlutschen;1
Schwanzlutscher;1
Schwanzmilch;1
Schwanzweib;1
Schwartenficker;1
Sesselfurzer;1
Sexfickus;1
shitbraining;1
Shitcom;1
Shitface;1
Shitstorm;1
sich ankacken;1
sich ins Knie ficken;1
sich mösen;1
Sitzpisser;1
Sockenfotze;1
Spalte;0
Sparschweinerei;1
Sparschweinschlitz;1
Specktitten;1
Speedschiss;1
Spiegeleier-Titten;1
Splatatterschiss;1
Sportficken;1
Sprechmöse;1
Spritzkacke;1
Spritzpups;1
Sprudelschiss;1
Sprühfurz;1
Sprühschiss;1
Standgebläse;1
Staubloch;1
Stecher;1
Stinkschlitz;1
Stoffhure;1
Stromzaunpisser;1
Strudelfutt;1
Stück Arsch;1
Stück Scheiße;1
Sumpfarsch;1
Swarowski-Möse;1
taktisches Kotzen;1
Talking Pussy;1
Tastaturhure;1
Tastenficker;1
Ticketficker;1
Tittail;1
Titte;1
titte;1
Tittehndachs;1
Titten;1
Titten TÜV;1
Tittenbonus;1
Tittenbuxe;1
Tittenfick;1
Tittenfisch;1
Tittenklempner;1
Tittenknast;1
Tittenladen;1
tittensatt;1
Tittensau;1
Tittenschreck;1
Tittensheriff;1
Tittenstrick;1
Tittensuppe;1
Tittentüte;1
Tittitainment;1
Tittney;1
tittnotisiert;1
Titts-on-Sticks;1
Trafficnutte;1
Tränen furzen;1
Travelpussy;1
treiben;1
Trendhure;1
trickficken;1
Trockenfotze;1
Truckerfotze;1
Überdruck;0
umficken;1
underfuckt;1
unfuckable;1
unter aller Sau;1
unterfickt;1
untervögelt;1
Venusspalte;1
verfickt;1
verkackeiern;1
versauen;1
verscheißen;1
verschissen;1
verwichst;1
Vögelanfrage;1
Vögelfotze;1
vögeln;1
Volksloch;1
vollgepisste Strumpfhose;1
vollgeschissene Menschenhaut;1
vollgeschissene Menschenhülle;1
vollgeschissener Strumpf;1
Vorfotze;1
Vorfutt;1
vorwichsen;1
Votze;1
Walarsch;1
Waschbeckenpisser;1
wegsaufen;1
Wichsbazille;1
Wichsbeutel;1
Wichsbirne;1
Wichsbox;1
Wichse;1
Wichselstick;1
wichsen;1
Wichser;1
Wichsfisch;1
Wichsfolie;1
Wichsgriffel;1
Wichskabineninspektor;1
Wichsmuskel;1
Wichsvorlage;1
Wii-Board-Ficker;1
wörterkotzen;1
Wortkotze;1
Ypsilonwald;1
zerficken;1
Zuckertitte;1
zurückbumbsen und abtreiben;1
